{
  "rec_texts": [
    "촉촉하고",
    "공",
    "르",
    "EOH",
    "오에스",
    "XVE",
    "O캐제어",
    "60.9",
    "오랫동안 사랑받은 촉촉한 리얼 케이크",
    "가장 높은 수분 함량!",
    "달콤한 초코 크림이 샌딩 된 디저트 케익",
    "\"수분 함량이 높은 리얼 초코 케익\"",
    "촉촉하고 달콤한 초코 크림이 샌딩 된 디저트 초코 케이크 오예스입니다.",
    "1984년부터 많은 분들께 꾸준히 사랑받아 온 디저트로,",
    "특히 케익의 수분 함량이 17%±2%의 고수분으로",
    "ee",
    "촉촉하고 매우 부드러운 식감이 일품이에요.",
    "전자레인지에 살짝데워먹어도,",
    "너무맛있잖아",
    "잇씨공",
    "냉장고에 넣어 얼려먹어도 맛있어요",
    "남남남",
    "오예스",
    "흐르",
    "=Ghocolate Coate",
    "오예스 이렇게 즐겨요",
    "#with아이스크림",
    "#오예스티라미수",
    "#전자레인지에10초",
    "#고급디저트느낌",
    "#비주얼무엇",
    "#",
    "오예스 대표 캐릭터 예쓰",
    "밝고 긍정적인 성격의 네모 초코 강아지 예쓰에요",
    "귀염 보짝한 예쓰의 다양한 모습,많은 기대 부탁드려요!",
    "이름",
    "예쓰",
    "종류",
    "초코 강아지",
    "사는곳",
    "초코 풍듀 호수 옆 오두막",
    "성격",
    "기야요은다",
    "친구들을 챙겨주는걸 좋아해서",
    "생일마다 파티를 열어준다."
  ],
  "rec_scores": [
    0.9994664192199707,
    0.9959229230880737,
    0.2823135256767273,
    0.7289791107177734,
    0.8995299935340881,
    0.4352498948574066,
    0.34900781512260437,
    0.3146737813949585,
    0.9640668630599976,
    0.9939349293708801,
    0.9498909115791321,
    0.9516990780830383,
    0.9765742421150208,
    0.9752574563026428,
    0.9618380069732666,
    0.6999707221984863,
    0.9939717054367065,
    0.9663257598876953,
    0.9927729964256287,
    0.5028598308563232,
    0.9719813466072083,
    0.5997901558876038,
    0.9186715483665466,
    0.6949883699417114,
    0.940101146697998,
    0.9368873834609985,
    0.9955617785453796,
    0.999522864818573,
    0.99946129322052,
    0.9421136975288391,
    0.9993203282356262,
    0.9369633197784424,
    0.9314289093017578,
    0.9894790053367615,
    0.9656436443328857,
    0.9999030828475952,
    0.9841581583023071,
    0.9995473623275757,
    0.961493194103241,
    0.9955913424491882,
    0.9648347496986389,
    0.9996317028999329,
    0.6786835193634033,
    0.9630650281906128,
    0.9370642900466919
  ],
  "total_count": 45,
  "split_count": 4,
  "image_size": {
    "width": 860,
    "height": 6156
  },
  "processing_mode": "split"
}