{
  "rec_texts": [
    "제주의",
    "달콤함",
    "제주",
    "감귤",
    "첫",
    "수확",
    "제철특가!",
    "장이정이",
    "———",
    "100%실제 후기",
    "∗∗ㅊㅊ",
    "∗ㅊㅊ",
    "ㅊㅊㅊ",
    "산지직송이라 정",
    "고궁",
    "영류",
    "새콤",
    "반값특가라고",
    "해서",
    "말 신선하네요! 배",
    "륨어후물",
    "공도 빠르고 포장",
    "입니다.아이들이",
    "정했는데",
    "교국",
    "1",
    "도 꼼꼼했어요.재",
    "마",
    "좋아해",
    "였어요!",
    "!크기도",
    "적당",
    "구마 의사 100%입",
    "요!!",
    "더우",
    "달고",
    "정말",
    "맛있",
    "니다~ㅎㅎ",
    "습니다!",
    "kimsu",
    "***",
    "park2***",
    "lee88***",
    "왜 지금",
    "조생감귤",
    "인가",
    "요?",
    "모양마큰민",
    "21",
    "제철때만 맛볼 수 있는 황홀",
    "함"
  ],
  "rec_scores": [
    0.9999658465385437,
    0.9989042282104492,
    0.9999525547027588,
    0.9976030588150024,
    0.9999953508377075,
    0.9999766945838928,
    0.9993195533752441,
    0.5874134302139282,
    0.5020149350166321,
    0.9985032677650452,
    0.6384117603302002,
    0.5594577193260193,
    0.5997359156608582,
    0.9956064820289612,
    0.34689706563949585,
    0.5570199489593506,
    0.9975451231002808,
    0.9997546076774597,
    0.9994497299194336,
    0.9653635025024414,
    0.37153857946395874,
    0.9736745357513428,
    0.9919458627700806,
    0.9999333620071411,
    0.39169466495513916,
    0.32857054471969604,
    0.9810376763343811,
    0.3445175290107727,
    0.9999812245368958,
    0.9997850656509399,
    0.9987543821334839,
    0.9988338947296143,
    0.9522554874420166,
    0.9984984993934631,
    0.7922435402870178,
    0.9997928738594055,
    0.9994186758995056,
    0.9984418153762817,
    0.9991475343704224,
    0.999424397945404,
    0.9983388185501099,
    0.7363241314888,
    0.9987245798110962,
    0.9980553388595581,
    0.9285852313041687,
    0.9718244671821594,
    0.8975752592086792,
    0.9997791647911072,
    0.2279481440782547,
    0.4769810438156128,
    0.9553654193878174,
    0.9998763799667358
  ],
  "total_count": 52,
  "split_count": 3,
  "image_size": {
    "width": 780,
    "height": 4534
  },
  "processing_mode": "split"
}