{
  "rec_texts": [
    "VONO",
    "캅스프",
    "조리방법",
    "봉지의 내용물을",
    "컵에",
    "넣습니다.",
    "2",
    "끝는물150m를 붓고 15초정도",
    "저은후1분간기다려 주십시오.",
    "취향에 따라우유를첨가하여",
    "드셔도좋습니다",
    "조리 및 음용 시",
    "4",
    "끊는 물에 데지 않게",
    "주의하여 주십시오",
    "부정·불량식품",
    "신고는",
    "국번없이",
    "1399"
  ],
  "rec_scores": [
    0.9816378951072693,
    0.8903102278709412,
    0.9998408555984497,
    0.9467459917068481,
    0.985174298286438,
    0.910112202167511,
    0.9980533123016357,
    0.8996964693069458,
    0.9053228497505188,
    0.9439176917076111,
    0.9869247674942017,
    0.9031388759613037,
    0.3899071514606476,
    0.9261960387229919,
    0.994933545589447,
    0.9952780604362488,
    0.9999119639396667,
    0.9997329711914062,
    0.9997889995574951
  ],
  "total_count": 19,
  "processing_mode": "direct",
  "image_size": {
    "width": 2200,
    "height": 2200
  }
}