{
  "rec_texts": [
    "WARNING",
    "핏오짐(FITOJIM)은",
    "상표등록증",
    "특허청에 상표권 등록이",
    "제402275152",
    "4-20240062",
    "220월 1일",
    "MI MIVK",
    "공",
    "",
    "",
    "댓오징(Roim",
    "핏오짐의 상표,기재된 이미지및컨텐츠의",
    "일 프은 상에라 성들록에 등록을 니다",
    "Ds is t ceny us in aoodae wo o",
    "소유권은핏오짐에 있으며상품노출명,이미지등을",
    "225년 10월 29일",
    "무단 복사및 사용, 도용을 금지합니다",
    "지식재산처장",
    "조식제판",
    "지식재산처",
    "aletea fpet",
    "Ayd"
  ],
  "rec_scores": [
    0.9971245527267456,
    0.9958683848381042,
    0.9339680671691895,
    0.9744572639465332,
    0.8307820558547974,
    0.6463779211044312,
    0.5582177042961121,
    0.45507654547691345,
    0.32044273614883423,
    0.0,
    0.0,
    0.7685114741325378,
    0.9302072525024414,
    0.46811288595199585,
    0.5456814169883728,
    0.9483610987663269,
    0.8466153740882874,
    0.919795036315918,
    0.9650565981864929,
    0.3551291823387146,
    0.978624701499939,
    0.3827240765094757,
    0.3422866761684418
  ],
  "total_count": 23,
  "processing_mode": "direct",
  "image_size": {
    "width": 780,
    "height": 550
  }
}