{
  "rec_texts": [
    "그거워롬 긍몫",
    "·CS는 상품 수령일 2일 이내에 접수해주셔야 처리",
    "가능합니다.",
    "·CS 접수는 구매 사이트 내 문의하기 또는 고객센터로",
    "연락주세요.",
    "·사용 흔적이 있거나 소비자에 의해 웨손 및 파손된",
    "경우,구성품을 분실하여 상품 가치가 하락된",
    "경우에는 교환/반품이 불가합니다."
  ],
  "rec_scores": [
    0.7635828852653503,
    0.9384477734565735,
    0.9950156211853027,
    0.9629924893379211,
    0.9968124032020569,
    0.9390469789505005,
    0.9845113158226013,
    0.9825447797775269
  ],
  "total_count": 8,
  "processing_mode": "direct",
  "image_size": {
    "width": 779,
    "height": 491
  }
}