{
  "rec_texts": [
    "-Teendow",
    "2026년형",
    "무선청소기",
    "최대",
    "진공도",
    "25000pa",
    "V07"
  ],
  "rec_scores": [
    0.9453808069229126,
    0.9998076558113098,
    0.999849796295166,
    0.9999277591705322,
    0.9997372627258301,
    0.9992453455924988,
    0.9273290038108826
  ],
  "total_count": 7,
  "processing_mode": "direct",
  "image_size": {
    "width": 780,
    "height": 1096
  }
}