{
  "rec_texts": [
    "품질의",
    "자신감",
    "청소기의",
    "심장",
    "모터",
    "평생",
    "보증!",
    "BLDC",
    "모터",
    "사용",
    "음곡",
    "80,000RPM고속 회전",
    "저소음",
    "우 설계",
    "내구성이 높고 작은 발열",
    "*고객과실로 인한 불량 및 파손은 무상처리가 어렵렵습니다."
  ],
  "rec_scores": [
    0.9998787045478821,
    0.9997546076774597,
    0.9999678134918213,
    0.999709963798523,
    0.9999647736549377,
    0.9995435476303101,
    0.9993019700050354,
    0.9949476718902588,
    0.9999446868896484,
    0.9998688697814941,
    0.532355546951294,
    0.9680667519569397,
    0.9993807673454285,
    0.8134036660194397,
    0.9937878251075745,
    0.991369366645813
  ],
  "total_count": 16,
  "processing_mode": "direct",
  "image_size": {
    "width": 780,
    "height": 1000
  }
}