{
  "rec_texts": [
    "피어",
    "다양한 지퍼형",
    "운",
    "R·D-S",
    "RDS인증",
    "오리털 충전재",
    "무봉제앞축누빔",
    "공",
    "를리",
    "추천드립니다",
    "가볍고따뜻한",
    "H니융",
    "거우여류",
    "2",
    "패딩바지여도 핏이예뻐",
    "융륨눔",
    "제품을 찾으시는 분",
    "3",
    "믿을수있는",
    "품질이",
    "충전재와원단을",
    "사용한 제품을 찾으시는 분",
    "다양한",
    "환경에서",
    "따뜻하게",
    "착용하세요",
    "<",
    "2",
    "GOLF",
    "DAILY"
  ],
  "rec_scores": [
    0.842517614364624,
    0.9601258635520935,
    0.5647185444831848,
    0.8741782903671265,
    0.9905281066894531,
    0.9503008127212524,
    0.9212297201156616,
    0.6002693176269531,
    0.8210639953613281,
    0.9996040463447571,
    0.8921223282814026,
    0.6009981036186218,
    0.6520823836326599,
    0.998108983039856,
    0.976259171962738,
    0.536052942276001,
    0.9628650546073914,
    0.9994586110115051,
    0.9471893310546875,
    0.8564878106117249,
    0.9515690207481384,
    0.91827392578125,
    0.99983149766922,
    0.957159698009491,
    0.9968725442886353,
    0.9969913363456726,
    0.4285253882408142,
    0.38582462072372437,
    0.9883408546447754,
    0.9995551109313965
  ],
  "total_count": 30,
  "split_count": 2,
  "image_size": {
    "width": 780,
    "height": 3232
  },
  "processing_mode": "split"
}