{
  "rec_texts": [
    "PC 없이도",
    "승리를지향하는",
    "장시간 작업",
    "디테일이 중요한",
    "한화면에모든걸",
    "다 즐기고 싶다면?",
    "게이머라면?",
    "학습이 필요하다면?",
    "창작자라면?",
    "띄우고 싶다면?",
    "LG UHOMonitor..",
    "LG UltraGear",
    "Smart Monitor",
    "LG UitralWide",
    "0?",
    "32UR50OK",
    "34WR50QK",
    "27MS500",
    "27GS50F",
    "27U730SAW",
    "실제색그대로",
    "비교불가능한",
    "편안한눈건강과",
    "찰나의렉도없는",
    "TV처럼펼쳐지는",
    "표현하는완벽함",
    "업무생산성",
    "효율적인작업환경",
    "압도적인반응속도",
    "나만의 컨텐츠세상"
  ],
  "rec_scores": [
    0.920004665851593,
    0.9939337968826294,
    0.9352526068687439,
    0.9411501884460449,
    0.9960994720458984,
    0.8991045951843262,
    0.9988695979118347,
    0.964605987071991,
    0.9930877089500427,
    0.9266897439956665,
    0.8108692765235901,
    0.9593175053596497,
    0.9915266633033752,
    0.9196676015853882,
    0.3950921297073364,
    0.9564568400382996,
    0.9978407621383667,
    0.99937903881073,
    0.9699082970619202,
    0.9984866380691528,
    0.9954420924186707,
    0.9919223785400391,
    0.990543782711029,
    0.9325746297836304,
    0.980182945728302,
    0.9961022138595581,
    0.9982808232307434,
    0.9901332855224609,
    0.9862107038497925,
    0.9213206768035889
  ],
  "total_count": 30,
  "processing_mode": "direct",
  "image_size": {
    "width": 860,
    "height": 860
  }
}