{
  "rec_texts": [
    "상표등록증",
    "CERTIFICATE OF TRADEMARK REGISTRATION",
    "등록",
    "제40-1866294호",
    "Registrution Naumbes",
    "용원번호",
    "제40-2022-0015283호",
    "Application N",
    "이 상품은 내일 도착, 무료배송√",
    "출원일",
    "Flng Oue",
    "2022년 01월24일",
    "동일",
    "Rpitation Dee",
    "2022년05월11일",
    "내일(토) 1/10 도착 보장(11시간 28분 내 주문 시/서울",
    " Ower oe adema p",
    "이노준",
    "판매자:스타일준",
    "사이즈",
    "상표를 사용을성용 및구분",
    "|2",
    "제25",
    "Le of 6oote",
    "COINLOCKER",
    "2XL",
    "의류등20건",
    "색상:네이비",
    "을통물늘을늘을궁표이",
    "This is to certify that, in accordance with the Trademark Act, the trademark",
    "has been registered at the Korean Intellectual Property Office",
    "2022년 05월11일",
    "용사을 확하세요",
    "QR보트로현재기준",
    "특허청장",
    "COMMISSIONER",
    "특허청",
    "KOREAN INTELLECTUAL PROPERTY OFI",
    "김용래",
    "김은",
    "Korean Intellectual",
    "Property Office",
    "주의해주세요",
    "알이너리래ㅋ터긍해의",
    "저희 업체 이외에 다른 업체는 판매할수 없습니다",
    "이T적사이히링수",
    "다른제품이 발송될수 있습니다"
  ],
  "rec_scores": [
    0.9890261888504028,
    0.9771960377693176,
    0.9363113045692444,
    0.9902498126029968,
    0.7593697309494019,
    0.5713863968849182,
    0.9912399053573608,
    0.8855103254318237,
    0.926645815372467,
    0.7334120273590088,
    0.5716979503631592,
    0.9605302810668945,
    0.6762667298316956,
    0.6145066022872925,
    0.9988178014755249,
    0.8988836407661438,
    0.5221818685531616,
    0.8597695231437683,
    0.9558901786804199,
    0.9980936050415039,
    0.72935950756073,
    0.34988895058631897,
    0.993295431137085,
    0.5966314673423767,
    0.9930458068847656,
    0.8709883689880371,
    0.9753448963165283,
    0.9756667017936707,
    0.41955041885375977,
    0.9872034192085266,
    0.9780142307281494,
    0.9725190997123718,
    0.6305463910102844,
    0.6479730606079102,
    0.9927911758422852,
    0.9934923052787781,
    0.9953023791313171,
    0.9314931631088257,
    0.8607476353645325,
    0.24838408827781677,
    0.9536421895027161,
    0.9603614807128906,
    0.9999446868896484,
    0.35909780859947205,
    0.9261182546615601,
    0.3523155450820923,
    0.9344255924224854
  ],
  "total_count": 47,
  "processing_mode": "direct",
  "image_size": {
    "width": 780,
    "height": 984
  }
}