{
  "rec_texts": [
    "GR",
    "세나덕다운바지",
    "프리미엄오리털패딩바지",
    "SIZE",
    "30",
    "32",
    "34",
    "36",
    "38",
    "40",
    "FABRIC",
    "테이:",
    " 기22어%8어",
    "덕다운충전재패딩바지입니다",
    "융 이 터",
    "오리솜털함유량이80%깃털20%입니다",
    "부하지않아핏이아주좋습니다",
    "이에일상복으로도아주예쁘게착용할수있습니다",
    "양쪽허리밴딩으로착용감이매우좋습니다",
    "체계적 공정과끔끔한 검수의",
    "하이퀄리티제품임을강조합니다",
    "COLOR VIEW",
    "품절",
    "차콜(CHAR)",
    "블랙(BLACK)",
    "네이비I(NAVY)"
  ],
  "rec_scores": [
    0.9994031190872192,
    0.9994872212409973,
    0.9857957363128662,
    0.9989719986915588,
    0.6964215040206909,
    0.999224841594696,
    0.9998321533203125,
    0.9987084269523621,
    0.9997307062149048,
    0.9990077614784241,
    0.9989175796508789,
    0.47084951400756836,
    0.5045620203018188,
    0.9803439378738403,
    0.37144526839256287,
    0.9953833222389221,
    0.9695720672607422,
    0.9823657274246216,
    0.9532973170280457,
    0.8761257529258728,
    0.9955081939697266,
    0.9652765393257141,
    0.9961581826210022,
    0.9758880734443665,
    0.9986399412155151,
    0.9440268278121948
  ],
  "total_count": 26,
  "processing_mode": "direct",
  "image_size": {
    "width": 780,
    "height": 2140
  }
}