{
  "rec_texts": [
    "LG전자인증 정품",
    "·LG전자와 직접거래를통해 판매됩니다.",
    "LG전자 서비스센터를통해 A/S를이용할 수있습니다.",
    "Tel.1544-7777",
    "coupang",
    "+",
    "LG"
  ],
  "rec_scores": [
    0.960093080997467,
    0.9199099540710449,
    0.9395312666893005,
    0.9996416568756104,
    0.9975878000259399,
    0.21270592510700226,
    0.9945665001869202
  ],
  "total_count": 7,
  "processing_mode": "direct",
  "image_size": {
    "width": 980,
    "height": 500
  }
}