{
  "rec_texts": [
    "어떤",
    "먼지도",
    "문제없이",
    "깔끔하게",
    "흘늙은",
    "모터",
    "파워",
    "파워가",
    "120W에서",
    "180W로",
    "더",
    "강해졌습니다.",
    "120W",
    "180W",
    ""
  ],
  "rec_scores": [
    0.9997000694274902,
    0.9997795224189758,
    0.9999467134475708,
    0.9999654293060303,
    0.5123854279518127,
    0.9999383091926575,
    0.9999645352363586,
    0.9999291896820068,
    0.9991421103477478,
    0.9871553182601929,
    0.9997740387916565,
    0.9430975914001465,
    0.9948043823242188,
    0.9903194308280945,
    0.0
  ],
  "total_count": 15,
  "processing_mode": "direct",
  "image_size": {
    "width": 780,
    "height": 1000
  }
}