{
  "rec_texts": [
    "몫긍Y",
    "증정",
    "EVENT!",
    "9",
    "총",
    "만원+고객서비스",
    "본체 1년 AS 보증",
    "EVENT 1",
    "(소모품과 증정품 제외)",
    "Safety",
    "AS",
    "Center",
    "EVENT 2",
    "모터 평생",
    "보증",
    "EVENT 3",
    "물탱크 키트 +물걸레 증정",
    "EVENT",
    "4",
    "구석구석 자유롭게 청소",
    "청소술",
    "3",
    "틈새용 롱노즐",
    "①청소술",
    "3틈새용 롱노즐",
    "22in1브러쉬",
    "4벽걸이 거치대",
    "3"
  ],
  "rec_scores": [
    0.6817237734794617,
    0.999258816242218,
    0.9986779093742371,
    0.9887242913246155,
    0.9998964071273804,
    0.9969781041145325,
    0.9276632070541382,
    0.9906908869743347,
    0.9945887327194214,
    0.9882953763008118,
    0.9998291730880737,
    0.9995627403259277,
    0.9934028387069702,
    0.9551556706428528,
    0.9990520477294922,
    0.9661219716072083,
    0.9873085618019104,
    0.9974196553230286,
    0.999822199344635,
    0.9646162986755371,
    0.9997863173484802,
    0.9996488094329834,
    0.9759153127670288,
    0.9598510265350342,
    0.9026286602020264,
    0.9949314594268799,
    0.9670994281768799,
    0.9994751811027527
  ],
  "total_count": 28,
  "split_count": 2,
  "image_size": {
    "width": 780,
    "height": 3081
  },
  "processing_mode": "split"
}