{
  "rec_texts": [
    "입체감을 살린 핀턱 디테일",
    "프론트 라인에 잡힌 핀터 주름으로 단조롭지 않고 세련된",
    "실루엣을완성했습니다.",
    "V",
    "03",
    "FABRI C",
    "편안한 면폴리 혼방 소재",
    "이이공를공",
    "ㄱ리군워Y극Ⅱ",
    "INFORMATION",
    "라우",
    "총장",
    "단면실측오차1-3CM/단위:CM",
    "SIZE",
    "I라우",
    "10",
    "|",
    "뒷밑위",
    "허벅지",
    "총장",
    "M",
    "34",
    "67",
    "35",
    "45",
    "38",
    "24.5",
    "103",
    "7",
    "36",
    "69",
    "46",
    "39.5",
    "25.5",
    "105",
    "7X",
    "38",
    "72",
    "37",
    "47",
    "41",
    "26.5",
    "107",
    "2XL",
    "40",
    "75",
    "48",
    "42.5",
    "27.5",
    "108",
    "상품명:남자와이드팬츠",
    "소재:면65%,폴리35%",
    "|아/",
    "제조국:중국"
  ],
  "rec_scores": [
    0.9648612141609192,
    0.8925240635871887,
    0.9287335872650146,
    0.1404133439064026,
    0.999527096748352,
    0.9232133626937866,
    0.9874429106712341,
    0.6408069729804993,
    0.5814375281333923,
    0.9984504580497742,
    0.8604142665863037,
    0.8330463171005249,
    0.9942269325256348,
    0.9939086437225342,
    0.7194976806640625,
    0.5368716716766357,
    0.43683767318725586,
    0.918043315410614,
    0.8623678684234619,
    0.9942309856414795,
    0.9959580302238464,
    0.9996484518051147,
    0.9992427825927734,
    0.9991801977157593,
    0.9994195699691772,
    0.9996474981307983,
    0.9993168115615845,
    0.9995365738868713,
    0.9978662133216858,
    0.9996353387832642,
    0.9991090297698975,
    0.9996536374092102,
    0.9995917081832886,
    0.9994134306907654,
    0.9994085431098938,
    0.8880298137664795,
    0.9997390508651733,
    0.999824047088623,
    0.9997437000274658,
    0.9999210238456726,
    0.999584436416626,
    0.9993612766265869,
    0.9995318055152893,
    0.9910945296287537,
    0.9994407892227173,
    0.9996625185012817,
    0.9995684623718262,
    0.9995416402816772,
    0.9993950724601746,
    0.9996196627616882,
    0.9965369701385498,
    0.9708337187767029,
    0.5495747327804565,
    0.9972934722900391
  ],
  "total_count": 54,
  "split_count": 1,
  "image_size": {
    "width": 780,
    "height": 2900
  },
  "processing_mode": "split"
}