{
  "rec_texts": [
    "미세먼지까지 잡는 5단계 필터레이션",
    "흡입+밀봉해 깨끗한 공기를",
    "배출합니다.",
    "공기 출구",
    "HEPA필터",
    "",
    "스테인리스필터",
    "실린더필터",
    "싸이클론필터"
  ],
  "rec_scores": [
    0.981959879398346,
    0.9937958717346191,
    0.9944636821746826,
    0.9371131062507629,
    0.9967338442802429,
    0.0,
    0.9999028444290161,
    0.9984296560287476,
    0.9996719360351562
  ],
  "total_count": 9,
  "processing_mode": "direct",
  "image_size": {
    "width": 780,
    "height": 1000
  }
}