{
  "rec_texts": [
    "충라륨롬",
    "키드",
    "사용으로",
    "Teendow ONLY",
    "충분히 청소할 수 있는 물탱크를",
    "탑재했어요.흡입 청소와 물걸레",
    "청소가 동시에 가능한 NEW",
    "물걸레 키트"
  ],
  "rec_scores": [
    0.3966131806373596,
    0.9990454912185669,
    0.9998788833618164,
    0.9925373196601868,
    0.9924917817115784,
    0.9986087083816528,
    0.9823795557022095,
    0.9421811699867249
  ],
  "total_count": 8,
  "processing_mode": "direct",
  "image_size": {
    "width": 780,
    "height": 2104
  }
}