{
  "rec_texts": [
    "3가지",
    "헤드로",
    "구석구석",
    "Ⅲ너은콩",
    "기본으로",
    "동봉되어",
    "있는",
    "3가지",
    "헤드로",
    "긍",
    "긍",
    "물론",
    "좁은",
    "틈새",
    "및",
    "카펫",
    "청소까지",
    "K을",
    "케어",
    "가능합니다.",
    "that living"
  ],
  "rec_scores": [
    0.9998793601989746,
    0.9999577403068542,
    0.9999018907546997,
    0.38091856241226196,
    0.9998907446861267,
    0.9993329048156738,
    0.9994509816169739,
    0.9987332224845886,
    0.9995273947715759,
    0.7761353254318237,
    0.3226782977581024,
    0.9998251795768738,
    0.9947782754898071,
    0.9759230017662048,
    0.9971182346343994,
    0.978846549987793,
    0.9999122619628906,
    0.2833545207977295,
    0.9985354542732239,
    0.9603731036186218,
    0.8703466653823853
  ],
  "total_count": 21,
  "processing_mode": "direct",
  "image_size": {
    "width": 780,
    "height": 1814
  }
}