{
  "rec_texts": [
    "구매시 참고하세요!",
    "동일 모델인 경우에도 제품의 제조일자에 따라 라벨에 표기되는",
    "소비효율 또는 소비효율등급의 정보가 달라질 수 있습니다.",
    "제조업체 사정에 따라 최초 신고된 측정결과보다 낮은 소비효율 또는",
    "소비효율등급이 제품에 표기될 수 있습니다.",
    "coupang"
  ],
  "rec_scores": [
    0.9677491188049316,
    0.9471434354782104,
    0.9695473313331604,
    0.9790169596672058,
    0.952441394329071,
    0.9961594939231873
  ],
  "total_count": 6,
  "processing_mode": "direct",
  "image_size": {
    "width": 780,
    "height": 372
  }
}