{
  "rec_texts": [
    "H13 헤파",
    "필터가",
    "걸러줍니다.",
    "좁은 실내,차량 등",
    "청소기",
    "비산",
    "먼지가",
    "적정되는",
    "공간에서도",
    "H13등급",
    "피을",
    "필터가",
    "99.9%",
    "걸러줍니다.",
    "이논",
    "이제는",
    "없습니다.",
    "E10등급 필터",
    "H13헤파",
    "필터",
    "(일반적인 청소기 필터)",
    "(틴도우V07필터)",
    "먼지크기",
    "1.0μm",
    "먼지크기",
    "0.3μm",
    "제거율",
    "85%",
    "제거율",
    "99.9%"
  ],
  "rec_scores": [
    0.9338809847831726,
    0.9999698996543884,
    0.9990949630737305,
    0.925011157989502,
    0.9999258518218994,
    0.9998730421066284,
    0.992364227771759,
    0.9998161792755127,
    0.9999245405197144,
    0.9992843866348267,
    0.7739128470420837,
    0.9995982050895691,
    0.997124195098877,
    0.9226264357566833,
    0.18193350732326508,
    0.9999120831489563,
    0.9997950792312622,
    0.9673907160758972,
    0.9939800500869751,
    0.9994443655014038,
    0.9427505135536194,
    0.9185419082641602,
    0.9989558458328247,
    0.9251605272293091,
    0.9996119737625122,
    0.9540561437606812,
    0.9975566267967224,
    0.999412477016449,
    0.9979450106620789,
    0.9990695714950562
  ],
  "total_count": 30,
  "processing_mode": "direct",
  "image_size": {
    "width": 780,
    "height": 1425
  }
}