{
  "rec_texts": [
    "튼튼한 2중 스티치 마감으로 늘어짐과 뒤틀림을 방지하고",
    "오래도록 깔끔하게 입을 수 있습니다.",
    "간단한 소지품 수납 가능",
    "실용적인 포켓 디테일",
    "양옆 사이드와 힘부분 포켓으로 캐주얼한 포인트와 함께",
    "실용성을 더해,간단한 소지품 수납 가능합니다.",
    "WOLLA",
    "FITOJIM",
    "쾌적한착용감",
    "우수한 신축성",
    "섬세하게 직조되어",
    "부드러운터치감으로",
    "움직임이자유롭고",
    "부드럽고뛰어난내구성",
    "1010는",
    "활동감이좋음",
    "WOLIA",
    "BASIC DESIGN",
    "WIDE",
    "PANTS",
    "NITOLI"
  ],
  "rec_scores": [
    0.9337480664253235,
    0.9102575182914734,
    0.983607292175293,
    0.9587913751602173,
    0.9458692073822021,
    0.9766071438789368,
    0.5168664455413818,
    0.9335269927978516,
    0.9962613582611084,
    0.9294596314430237,
    0.9558270573616028,
    0.9766445159912109,
    0.9885404706001282,
    0.9833018183708191,
    0.4246777594089508,
    0.9960969090461731,
    0.543592095375061,
    0.9958100318908691,
    0.8591930270195007,
    0.9988539814949036,
    0.6956923604011536
  ],
  "total_count": 21,
  "split_count": 2,
  "image_size": {
    "width": 780,
    "height": 5000
  },
  "processing_mode": "split"
}