{
  "rec_texts": [
    "눈영을희은 희금릉금",
    "25000Pa",
    "25000Pa",
    "12000Pa",
    "7000Pa",
    "12000Pa",
    "7000Pa",
    "A사",
    "B사",
    "Teendow",
    "25000pa의 강한 흡입력으로",
    "큰 입자 흡입에도 전혀 문제 없이",
    "사용이 가능합니다."
  ],
  "rec_scores": [
    0.5417885184288025,
    0.9993290305137634,
    0.9993495941162109,
    0.9989945292472839,
    0.996525228023529,
    0.9985327124595642,
    0.9981345534324646,
    0.9960864782333374,
    0.9963454604148865,
    0.9994801878929138,
    0.9842753410339355,
    0.969550371170044,
    0.9835907220840454
  ],
  "total_count": 13,
  "processing_mode": "direct",
  "image_size": {
    "width": 780,
    "height": 1000
  }
}