{
  "rec_texts": [
    "NIIOLIA",
    "1",
    "WTOLIH",
    "M",
    "WIIOLIH",
    "DETAIL CHECK",
    "01",
    "WIDE FIT",
    "와이드핏 실루엣",
    "다리라인을커버해주면서도편안한와이드로자연스럽고",
    "멋스러운핏을 연출합니다.",
    "Z0",
    "DETAIL"
  ],
  "rec_scores": [
    0.6475945115089417,
    0.23348230123519897,
    0.5098522305488586,
    0.4101409614086151,
    0.6841825842857361,
    0.9903329014778137,
    0.999079704284668,
    0.9564963579177856,
    0.993893027305603,
    0.983930766582489,
    0.922529935836792,
    0.7959122061729431,
    0.9960188865661621
  ],
  "total_count": 13,
  "split_count": 2,
  "image_size": {
    "width": 780,
    "height": 5000
  },
  "processing_mode": "split"
}