{
  "rec_texts": [
    "CHECK",
    "POINT8",
    "[4}",
    "",
    "최대35min",
    "2200mAh",
    "75dB저소음",
    "사용시간",
    "터융",
    "설계",
    "LED",
    "····",
    "180°&90°",
    "LED라이트",
    "흡입/물걸레",
    "흡입력 2단계",
    "방향조절",
    "동시 작동",
    "조절"
  ],
  "rec_scores": [
    0.9982357025146484,
    0.9992644786834717,
    0.9763045907020569,
    0.0,
    0.9992767572402954,
    0.9985083341598511,
    0.9973475337028503,
    0.9999091625213623,
    0.3809102177619934,
    0.999727725982666,
    0.9983179569244385,
    0.6822507381439209,
    0.9559447169303894,
    0.9970243573188782,
    0.9766066670417786,
    0.9810094237327576,
    0.9995112419128418,
    0.9384129643440247,
    0.9994341135025024
  ],
  "total_count": 19,
  "processing_mode": "direct",
  "image_size": {
    "width": 780,
    "height": 1148
  }
}