{
  "rec_texts": [
    "FITOJIM",
    "WIDE PANTS",
    "BASIC DESIGN",
    "FITOJIM",
    "WIDE PANTS",
    "남자 와이드 팬츠",
    "이어극",
    "멋스러운 핏으로 편안함과 실용성을 모두 갖춘",
    "남자 와이드 팬츠",
    "핀덕 주름 디테일로 한층 더 세련된 무드를 더한",
    "그기어이리르",
    "NIOLA",
    "편안하고 안정감있게-",
    "폰폰한 전체 허리 밴딩",
    "쏜폰하게 잡아주는 전체 허리 밴딩으로 안정적이며,",
    "스트링으로 사이즈 조절이 가능해 체형에 구애받지 않고",
    "착용할 수 있습니다.",
    "이어글글",
    "탄탄한 2중 스티치 마감"
  ],
  "rec_scores": [
    0.8884319067001343,
    0.9760713577270508,
    0.9875950217247009,
    0.9695517420768738,
    0.992348313331604,
    0.9802337288856506,
    0.6292580962181091,
    0.9451023936271667,
    0.8960568904876709,
    0.9157499670982361,
    0.5528223514556885,
    0.5286720991134644,
    0.9982978701591492,
    0.9012908935546875,
    0.8738510012626648,
    0.9273576140403748,
    0.9305311441421509,
    0.5493181943893433,
    0.9891566038131714
  ],
  "total_count": 19,
  "split_count": 2,
  "image_size": {
    "width": 780,
    "height": 5000
  },
  "processing_mode": "split"
}