{
  "rec_texts": [
    "ㅎ",
    "총",
    "내용량",
    "57",
    "g(19",
    "3개)",
    "9",
    "×",
    "1개(19 g)당",
    "85",
    "kcal",
    "",
    "1일",
    "1개당",
    "기준치에",
    "해",
    "비율",
    "나트륨",
    "390mg",
    "20%",
    "탄수화물",
    "13g",
    "4%",
    "당류",
    "69",
    "6%",
    "",
    "3.2g",
    "6%",
    "트랜스지방",
    "0g",
    "워",
    "1.6g",
    "11%",
    "콜레스테롤",
    "Omg",
    "0%",
    "단백질",
    "1g",
    "2%",
    "1일",
    "",
    "기준치에",
    "대한",
    "비율(%)은",
    "2,000kcal",
    "기준이므로",
    "개인의",
    "필요",
    "움륨",
    "따라다를",
    "수",
    "있습니다"
  ],
  "rec_scores": [
    0.3565003275871277,
    0.9998770952224731,
    0.9993264675140381,
    0.9997332096099854,
    0.9741978049278259,
    0.9994163513183594,
    0.9718815684318542,
    0.8032341599464417,
    0.9492616653442383,
    0.9997118711471558,
    0.9978548288345337,
    0.0,
    0.9998691082000732,
    0.999826192855835,
    0.9997764229774475,
    0.4674263298511505,
    0.9971364736557007,
    0.9995031356811523,
    0.9966948628425598,
    0.9996886253356934,
    0.9998779892921448,
    0.8429556488990784,
    0.9998384714126587,
    0.9994940161705017,
    0.8277751207351685,
    0.9982024431228638,
    0.0,
    0.9613590240478516,
    0.9985445737838745,
    0.9999028444290161,
    0.9616817235946655,
    0.21846581995487213,
    0.8857733011245728,
    0.9998860359191895,
    0.9998024106025696,
    0.9768330454826355,
    0.9995689392089844,
    0.9999063611030579,
    0.9971104860305786,
    0.9995466470718384,
    0.9998852610588074,
    0.0,
    0.9991866946220398,
    0.9999640583992004,
    0.9451346397399902,
    0.9840611219406128,
    0.9963206052780151,
    0.9999411702156067,
    0.9990391731262207,
    0.26258915662765503,
    0.9903453588485718,
    0.9994033575057983,
    0.9996029138565063
  ],
  "total_count": 53,
  "processing_mode": "direct",
  "image_size": {
    "width": 2200,
    "height": 2200
  }
}