{
  "rec_texts": [
    "DETAIL VIEW",
    "편안한",
    "허리부분",
    "디테일",
    "텐션감",
    "좋은",
    "양옆",
    "허리밴딩",
    "지퍼",
    "디테일",
    "메인",
    "주머니",
    "지퍼",
    "디테일",
    "개",
    "무봉제입체드",
    "공",
    "깔끔한 밑단 디테일"
  ],
  "rec_scores": [
    0.9936891198158264,
    0.9998273849487305,
    0.9999343156814575,
    0.9994325041770935,
    0.9904956221580505,
    0.9999427199363708,
    0.9991593360900879,
    0.9984074831008911,
    0.9996734261512756,
    0.9996092915534973,
    0.9998730421066284,
    0.9998283386230469,
    0.9974656105041504,
    0.9997296333312988,
    0.23550103604793549,
    0.8781490325927734,
    0.9827368259429932,
    0.929297924041748
  ],
  "total_count": 18,
  "split_count": 2,
  "image_size": {
    "width": 780,
    "height": 4422
  },
  "processing_mode": "split"
}