{
  "rec_texts": [
    "Real",
    "진짜보다",
    "더",
    "생생한",
    "후기!",
    "레알후기",
    "",
    "흡입력이 마음에 듭니다.",
    "5",
    "성능 면에서도 흡입력이 강력해",
    "바닥 먼지나 머리카락과 구석",
    "먼지까지 잘 빨아 드립니다.",
    "구성품 알찬",
    "5",
    "구성품은 틈새 노즐,2in1브러시,",
    "거치대,물걸레 키트까지 다양하게",
    "재공됩니다.",
    "품질 좋은 고성능 배터리",
    "5",
    "최대 35분사용가능한 고성능",
    "배터리,버튼 하나 강/약 모드",
    "전환,배터리 1년 보증합니다.",
    "5단계 여과 시스템& 900ML먼지통",
    "5",
    "5단계 여과 시스템으로 배출된 공기 신",
    "선합니다.대용량 먼지통을 적용해,한번",
    "청소에 충분히 담을 수 있으며,버튼으로",
    "간편하게 비울 수 있습니다.",
    "물걸레 기능 기본 제공",
    "5",
    "물걸레 키트 내장으로 진공 청소 후",
    "물걸레질까지 한번에 진행가능.",
    "시간 절약과 바닥 광택에 효과적!",
    "",
    "편의성&인체공학적 설계",
    "5",
    "무게 약 1.4kg(기사마다 차이 있",
    "음)가볍고 한손으로도 조작 가능"
  ],
  "rec_scores": [
    0.9996362924575806,
    0.9994964003562927,
    0.9997912049293518,
    0.9997765421867371,
    0.9972915649414062,
    0.99510657787323,
    0.0,
    0.9346140623092651,
    0.9787824749946594,
    0.9981770515441895,
    0.9913213849067688,
    0.9306766986846924,
    0.9572845101356506,
    0.984485387802124,
    0.9791227579116821,
    0.9702363014221191,
    0.9186597466468811,
    0.9919780492782593,
    0.9835530519485474,
    0.9803048372268677,
    0.9640056490898132,
    0.9627601504325867,
    0.922585129737854,
    0.9809280037879944,
    0.9953177571296692,
    0.9958308935165405,
    0.9865792393684387,
    0.9869417548179626,
    0.9861059188842773,
    0.9858076572418213,
    0.971446692943573,
    0.9720038175582886,
    0.9928627014160156,
    0.0,
    0.9812424778938293,
    0.9979428648948669,
    0.9701911807060242,
    0.9686424136161804
  ],
  "total_count": 38,
  "processing_mode": "direct",
  "image_size": {
    "width": 780,
    "height": 2200
  }
}