{
  "rec_texts": [
    "최대",
    "25000PA",
    "아겨을을은",
    "우",
    "흡입력으로",
    "작은",
    "먼지는",
    "몰론,입자가 큰",
    "먼지까지",
    "쓸-",
    "하면",
    "사라지는",
    "릉",
    "H을을",
    "보세요."
  ],
  "rec_scores": [
    0.999933123588562,
    0.9993020296096802,
    0.2714168131351471,
    0.2925316095352173,
    0.999869704246521,
    0.9996204376220703,
    0.9998425841331482,
    0.9869771003723145,
    0.9999138116836548,
    0.7106537222862244,
    0.9994633197784424,
    0.9999562501907349,
    0.0674910768866539,
    0.1749141961336136,
    0.9948426485061646
  ],
  "total_count": 15,
  "processing_mode": "direct",
  "image_size": {
    "width": 780,
    "height": 1348
  }
}