{
  "rec_texts": [
    "Daily Mood",
    "2 COLOR",
    "NITOLIH",
    "GRAY",
    "|0",
    "NIIOLIA",
    "BLACK",
    "름"
  ],
  "rec_scores": [
    0.9559572339057922,
    0.9634900689125061,
    0.5965803861618042,
    0.9979509115219116,
    0.47455012798309326,
    0.5924816131591797,
    0.9980882406234741,
    0.6317571401596069
  ],
  "total_count": 8,
  "split_count": 2,
  "image_size": {
    "width": 780,
    "height": 3020
  },
  "processing_mode": "split"
}