{
  "rec_texts": [
    "어위&어너우물릭물",
    "선호도가 높습니다!",
    "02",
    "자연 그대로의 신선함",
    "노지 재배로 키운",
    "자연의 맛 그대로 신선함을 경험해보세",
    "요!",
    "지금이딱제철!11월~2월",
    "IO리]ㄴ어Y",
    "자연 그대로의",
    "신선함이 담겨있어요!",
    "겨울에 가장 맛있는 조생감굴",
    "새콤함과 달콤함의 완벽한 조화",
    "H곤",
    "전필독사",
    "'",
    "항",
    "H거읊올i",
    "제품 중량은 박스 무게를 포함한 총 중량입니다.",
    "실중량 차이로 인한 환불은 불가합니다.",
    "교환/반품 안내",
    "·신선 식품 특성상 재판매가 불가하므로,단순변심"
  ],
  "rec_scores": [
    0.4499053359031677,
    0.9974464178085327,
    0.9990469217300415,
    0.9967442154884338,
    0.9763066172599792,
    0.98332279920578,
    0.99628746509552,
    0.9622262716293335,
    0.5867899060249329,
    0.9950235486030579,
    0.9983610510826111,
    0.9435807466506958,
    0.9935243129730225,
    0.3910604417324066,
    0.9997711181640625,
    0.18918566405773163,
    0.9991517066955566,
    0.810884952545166,
    0.9928056001663208,
    0.9868534803390503,
    0.9589146971702576,
    0.9983854293823242
  ],
  "total_count": 22,
  "split_count": 3,
  "image_size": {
    "width": 780,
    "height": 4534
  },
  "processing_mode": "split"
}