{
  "rec_texts": [
    "안내사항",
    "선물세트 기준 10개 이상부터 단체주문 가능하며,",
    "고객센터로 전화 혹은 톡톡 부탁드립니다.",
    "단체주문",
    "수도권을 제외한 지역은 퀵서비스가 불가능할 수도 있습니다.",
    "퀵서비스 비용은 본인 부담입니다.",
    "퀵서비스",
    "주문 시,배송 메세지에 방문 시각/ 퀵 출발 시각을 남겨주세요.",
    "수공",
    "명절 등 특수 기간은 방문,퀵 배송이 불가할 수 있습니다",
    "주소지별 도착 보장일을 확인해주세요",
    "루워어을기이후어",
    "배송안내",
    "앞 주문부터 순차발송되어 도착일이 달라질 수 있습니다.",
    "를요우릭어극리머워군극더Y하히우",
    "입력 완료한 시점에 주문 확인이 가능합니다.",
    "신선 식품 특성 상 배송 정보 오기로 인한 반송은 불가합니다.",
    "1644-8673",
    "상담시간:09:00~18:00(점심시간:12:30~13:30)",
    "휴무일:토,일요일 및 공휴일",
    "고객센터",
    "주소:서울특별시 성동구 마장로 31길 40,3층",
    "교환/반품 안내",
    "제품에 이상이 있을 시 수령 즉시 상품상태를 알 수 있는 사진을",
    "첨부하여 1:1문의 부탁드립니다.",
    "사진예시>",
    "1.송장 이미지 2.상품후면의 라벨이미지",
    "3.파손된 상품패키지 사진 혹은 상품이미지",
    "연볶야극위해성터동",
    "1.구매자의 책임이 있는 사유로 상품 가치가 감소하거나 훼손된 경우",
    "2.구매자의 사용/박스 분실로 인하여 상품의 가치가 감소한 경우",
    "3.보관상태가 유지되지 않아 상품가치가 감소한 경우(실온/냉동 보관 등)",
    "4.구매자의 단순 변심,정보 오류, 연락두절인 경우",
    "반품/교환시 반드시 화려한우 상담원과 통화 후 접수 해주셔야 하며,",
    "반품접수 없이 임의로 상품을 반송했을 경우 환불이 불가하니",
    "유의하시기 바랍니다."
  ],
  "rec_scores": [
    0.9999486804008484,
    0.9854812622070312,
    0.9718135595321655,
    0.9996625185012817,
    0.9723302125930786,
    0.949396550655365,
    0.9976692199707031,
    0.931544840335846,
    0.24412305653095245,
    0.9586192965507507,
    0.9875099062919617,
    0.34765860438346863,
    0.9999339580535889,
    0.9335816502571106,
    0.3729151785373688,
    0.9123751521110535,
    0.9673235416412354,
    0.9998117089271545,
    0.9979100823402405,
    0.9841485619544983,
    0.9999204874038696,
    0.9315057396888733,
    0.9818023443222046,
    0.981550395488739,
    0.979258120059967,
    0.9995670318603516,
    0.9355863332748413,
    0.9581633806228638,
    0.3256140351295471,
    0.9687284231185913,
    0.979015052318573,
    0.9707130193710327,
    0.9618402719497681,
    0.9683336019515991,
    0.9663121700286865,
    0.9806554913520813
  ],
  "total_count": 36,
  "split_count": 1,
  "image_size": {
    "width": 860,
    "height": 2459
  },
  "processing_mode": "split"
}